ID,FName,LName,EMail
1,Dany,Cohen,dany@dbmaestro.com
2,Ory,Levy,ori@dbmaestro.com
3,Ortal,Meir,ortal@dbmaestro.com
4,Merav,Epstein,merav@dbmaestro.com
5,Emily,Johnson,Emily@dbmaestro.com
6,Michael,Martinez,Michael@dbmaestro.com
7,Sophia,Lee,Sophia@dbmaestro.com
8,Ethan,Brown,Ethan@dbmaestro.com
9,Olivia,Davis,Olivia@dbmaestro.com
10,Daniel,Rodriguez,Daniel@dbmaestro.com
11,Isabella,Anderson,Isabella@dbmaestro.com
12,Alexander,Wilson,Alexander@dbmaestro.com
13,Mia,Taylor,Mia@dbmaestro.com
14,William,Thomas,William@dbmaestro.com
15,Ava,White,Ava@dbmaestro.com
16,James,Garcia,James@dbmaestro.com
17,Charlotte,Hernandez,Charlotte@dbmaestro.com
18,Benjamin,Martinez,Benjamin@dbmaestro.com
19,Amelia,Smith,Amelia@dbmaestro.com
20,Jacob,Lopez,Jacob@dbmaestro.com
21,Harper,Clark,Harper@dbmaestro.com
22,Matthew,Baker,Matthew@dbmaestro.com
23,Evelyn,Lewis,Evelyn@dbmaestro.com
24,Jackson,Taylor,Jackson@dbmaestro.com
25,Abigail,Garcia,Abigail@dbmaestro.com
26,Noah,Harris,Noah@dbmaestro.com
27,Elizabeth,Robinson,Elizabeth@dbmaestro.com
28,David,Walker,David@dbmaestro.com
29,Emma,Hall,Emma@dbmaestro.com
30,Ken,Ekka,Ken@dbmaestro.com